start_x	end_x	effector_x	locus_x	sample_x	strand_x	sequence_x	protein_id	start_y	end_y	annotation_gff	annotation_cctyper	strand_y	evalue	sequence_y	start_cctyper	end_cctyper	annotation_gff_cctyper	annotation_cctyper_cctyper	strand_cctyper	evalue_cctyper	sequence_cctyper	start	end	effector_y	locus_y	sample_y	strand	sequence	type
							URG53572.1								924077.0	924373.0	CRISPR-associated endonuclease Cas2	Cas2_2_CAS-I-II-III-IV-V-VI	-	1e-12	MPKPLWLIGYDIASPKRLRKMQRRCASQGWALQKSLFLFALTVAERQSLCRELQRLIDPQEDRLLCLPFDTPTGSFHIGPRSDYLLIHADPRLNDFVF								
							URG53573.1								924366.0	925247.0	CRISPR-associated endonuclease Cas1	Cas1_0_CAS-I-II-III-IV-V-VI	-	2.9999999999999996e-42	MTTLVLDRSDYHLMLQQGLLHLSHPERETRLLPLGDLERIVMGAGITLNSDLLLKLAELGIELIAIGRYSCAHLFNPQTPPNALRLMQYQLTSQEACRAQFVRRLIIARREGQNQVLRRLHAAPLPPLPDDPVRSLMLDEAHLSHHYWQAWRRALPESGFQGRQRQPPGDPINALLSLSSTLEDQALIRPLLAEGFDINLGLHHSTGYRRHSLLLDIKELTRATLEQHVLDLWQHRTLTAEHFDHHGNACRLTAQGQQIFYTDWFSWLAQRRRGLRRLARLCRRLLEREARYA								
							URG53574.1								926946.0	927698.0	hypothetical protein	PD_DExK_2_CAS-I-II-III-IV-V-VI	+	5.2000000000000004e-37	MTNQAKELSKMNGREFLKKSFNLQQQLLASQLNLSRTITHNGTMGEVNESYFLSIIRQYLPERYSVDRGIVLDSEGQTSDQIDAVIFDRHYTPTLLDQQGHRFIPAEAVYAVLEVKPTINKTYLDYAADKAASVRKLYRTSTVIKNIYGTAKPVEHFPIVAGIVAIDVEWQDGLGKAFTENLQAISSDKNRKLDCGLAVSGACFDSYDEAIKTKSGENALIFFLFRLLGKLQSLGTVPAIDWRVYINSLE	926946.0	927698.0	nucc	GCA_014946825.2_1	GCA_014946825.2	+	MTNQAKELSKMNGREFLKKSFNLQQQLLASQLNLSRTITHNGTMGEVNESYFLSIIRQYLPERYSVDRGIVLDSEGQTSDQIDAVIFDRHYTPTLLDQQGHRFIPAEAVYAVLEVKPTINKTYLDYAADKAASVRKLYRTSTVIKNIYGTAKPVEHFPIVAGIVAIDVEWQDGLGKAFTENLQAISSDKNRKLDCGLAVSGACFDSYDEAIKTKSGENALIFFLFRLLGKLQSLGTVPAIDWRVYINSLE	ca3
							URG53575.1								927764.0	928687.0	CRISPR system precrRNA processing endoribonuclease RAMP protein Cas6	Cas6_11_CAS-I-II-III-IV-V-VI	-	1e-107	MTWACHLARYRLCFQSREPLALPLFSGSLLRGAFGHALRRICCISRQKQCDGCPLLAGCQYPLLFEPRLLQHTSGQPQPAPPYVLEPPAAQGALAVGEMWPVDVVLHGPALPHLSLIILAWMQAAVQGFGGQRVPAQLCQVQVEQPDSEARWLTIWRHDQPFILPHATTQTPPPPPVTDALRLHFTTPTRLLRQGKLVQVRELQAHDLLAALERRLGTLATSLGIAPPPPLTTQPVSLQAGQLRWMNWQRYSSRQQQEMNLGGFIGDVTLHGELTPLWPWLWLGQWLHVGKNSSFGLGRYQLEAIPR								
							URG53576.1								928684.0	930357.0	type III-A CRISPR-associated RAMP protein Csm5	Csm5gr7_3_CAS-III-A-III-D	-	9e-17	MTPDQTPRRHTACDSDNMQCFTLTCLSPVHVATGDSLNPGEYLIAENALYELGQGGLSPALTATQRSELLTILESNDPFLPLTVQRFLAREAGKLKYAAHRVRPLLPGISHYYQSRLGQVMQKDHKNKKQVINQLELMRHVGAALGAPYIPGSTLKGAIRTALVSALNQGQPLQAERLETDKLNNKVAQDTEHLLLKIPKRNVKDWIKHDPFHWLQVGDAVSPAEHPPMLDYWLVRRQPLKRTEKQNNKADNMELSPVECLKPRQSPLRCQITVKTPPAAIPIKNPRLKQWLGKVSQLAQQVNQITLPQCHHELAWLAENHIGTDDAYAPGQNWVAQMQQLLRQLDGPLQRGEALLLRVGKYGGAISKTVEGWRHIARLGKQGTRPTYHPDVTTCTLALPQADALTQALPFGWVLLHRPDQPEVAGFVASHQDWCQRQQQWLADHQQQQHAHYQQRQQLAQTREEEAQRLADKARQSQARQSIMSLAESLTSEQTFQRKKPNGPLRGQLATCVGCVAAEGSAEEKADLCTLFDAILSYWGIKPGKDKKLTALRNKLL								
							URG54618.1								930354.0	931334.0	hypothetical protein	Csm4gr5_0_CAS-III-A-III-D	-	2.5e-102	MPSPVAPAAAWQWLRLRLFPDSAFATALRGDTLFGQLCWYLRESLGEAGLNDLLAGYHDQRPFAVISDPMLADHLPRPHLPEHLLGFAAADARARKQRKQQCWLPLAFAHQPLAEWGAHVTAAPERHRHRSDVQMHNSINRQTLTTGGDDAFAPFGSEQHWFDVDTAWDLYLLHDERLSAAQLTDALRAIGLLGYGKDASIGKGRFHLTPQPMPELPTPDGNPLRLTLAPCAPQQGHWHSADSFFSPLVRVGRHGAALVVQGHPFKNPLLLADSAAVLAPVTPDNRPFVGQGVGGNGRLSTALPQTVHQGYAPVIPVRFHHKAQPQ								
							URG53577.1								931334.0	932080.0	type III-A CRISPR-associated RAMP protein Csm3	Csm3gr7_1_CAS-III-A-III-D	-	4.8e-62	MQLNNIQTLRATLVCETGLHIGGGDTALQIGGIDSAVVRHPLTQQPYIPGSSLKGKLRSLLEWRAGVVGDTEGKVLSHKVYQKLRDDKKQAQALQALKILQLFGVSGGDKLDATQASDIGPTRLSFWDCEFDQHWLAQQGGRVQTEEKAENCIDRISGVALHPRFIERVPAGSRFAFRLTVRQLDGDNPDLLDTLLAGLKMLELDGLGGSISRGYGKVRFEALTLDGEDLQPRFELLQPFKHTTQGAG								
							URG53578.1								932093.0	932473.0	type III-A CRISPR-associated protein Csm2	Csm2gr11_7_CAS-III-A	-	2e-17	MTMPDFKRQLHKPEATFFDDDAQKFAERLAQYGKKDKPTQLRRFYDQLQQLEQRINGDEHDFDTYLPEIRMISAHLAYAKGRELISDEFCKTMQNLIRSINTCQHLKNGRLFFEATLGFLRAIRHD								
							URG53579.1								932498.0	934930.0	type III-A CRISPR-associated protein Cas10/Csm1	Cas10_0_IIIA	-	6.299999999999999e-95	MNWLAASCHVAAFALLHNLKSLALHAGIQDFPSPALAEKLFAPLPESLSARSDLHENTLTLLLDFAARLARGEQGIPTNNDKTNLIPLTHLLVDDPHAVPAVRCYSPLAPLGVDSLMPVTTSLSTDERQAAYQQVYQTLIDGLDDIPAAHRLQPSLWLDHLDSLWMTTCNALPDGDGASGISLYDQGKTTAALAVALWQHHARQARPGQDMPLTLGDDARLLLIQVDVFGIQELIFAQGNQTQKMAAKLLRGRSFQVSLLAETAALRVLEAFDLPPICQLINAAGKSLIVAPNLPDAAERLAELRQCFDEWFLTHTYAQTGIGLCSTVAGSADFLGEQAYGTLQNRLTQTMEQQKYQRFSLCAADAPPPVFDGYLDHIAQGAGGEPCPVNGLHPVETTLNELNCSRLAADQITLGHWISHGERYARLLILRDSTATFSDDRCLHLTLFGYQVVAVSPQEASGKFGELARNGSLRRCWDISLPPEGMPLFQGYARRFINGWMPLALEEYQPERYPGVEDALANGDIKTFDHLSCEDLYQDADQQLRGTCALGVLKGDIDNLGHLFRSSLPQPSFAKTIGLSRQIHLFFTLWLPHLCRKDTRFANTYTVFAGGDDFFLIGPWRSQQTLALTMAQHFAQYSGHNPALHFSLGLVQVKPSYPVRALAAQAEAALEQAKQHPGKNAICLYNEVMGWPEYDALLTCSEELARWREHGGYPLSSGLLYRLLALSELSAKESATPQAALWRSRLAYFLRRNLVDKVKVPAQENPAAFRHQLYLTLFATLEQHLKRHRQRYRVALQRHLYHYRTVPRGE								
